编号,分组,业务流程,处理链,状态,分析,风险,源码证据
"B01","身份与授权","访客与功能准入","进入首页/户型库 → 会话检查 → 受限功能跳授权页","代码链齐（有条件）","前端准入与后端授权查询均有接线；不能仅依赖前端跳转控制权限。","","E31,E36"
"B02","身份与授权","微信登录","wx.login → code2session → 账号解析 → 发放会话","待外部验收","真实适配器和失败分类、并发账号测试已具备；本轮未使用真实微信临时 code，真机登录待验收。","","E32,E28"
"B03","身份与授权","管理端发码与交付","批量发码 → 加密制品 → 管理员领取 → 用户接收","代码链齐（有条件）","制品下载、状态管理与后台页面已接；实际带外交付给用户是运营动作。","","E34,E30"
"B04","身份与授权","兑换、授权与撤销","输入授权码 → 幂等兑换 → 绑定账号 → 管理员撤销","代码链齐（有条件）","绑定与重复兑换有事务/合同约束；授权撤销后服务重新校验，不只改页面显示。","","E35,E36"
"B05","身份与授权","刷新会话与切换身份","access 过期 → refresh 旋转 → 重放请求 → 清理旧身份页面状态","代码链齐（有条件）","独立刷新期限、会话归属和页面异步竞态已有实现与测试；注销账号的全量吊销编排另见 B47。","","E28"
"B06","身份与授权","昵称、头像和个人偏好","编辑资料 → 上传头像 → 完成扫描 → 白名单更新 → 回显","部分打通","资料读写已接；头像依赖共享资产安全链，受审核实现缺失和覆盖风险影响。","R01,R03","E37,E03,E15"
"B07","案例与资产","公司案例生产与上下架","管理端新增 → 上传封面/平面/立面 → 授权 → 发布/换版/下架","部分打通","核心服务与管理表单已接；当前全新种子遗漏 PUBLIC_DISPLAY，且真实审核、资产安全尚不合格。","R01,R03,R08","E17,E16,E47"
"B08","案例与资产","首页、列表筛选和详情","首页聚合 → 条件筛选/分页 → 案例详情 → 图片加载","代码链齐（有条件）","客户端请求已接目录服务，公开可见性由后端控制；仍需在修好启动和正式资产配置后跑 HTTP 与真机。","","E17,E31"
"B09","案例与资产","收藏与取消收藏","详情收藏 → 唯一关系持久化 → 我的收藏 → 取消","代码链齐（有条件）","正反向接口、记录页与归属查询已接；本轮合同/客户端测试不代替真机操作。","","E17,E31"
"B10","案例与资产","从户型库引用设计","可引用案例 → GENERATION_REFERENCE 校验 → 创建项目","代码链齐（有条件）","公开展示与生成引用授权分开，能限制可看不可引用的案例；后续生成受 B14 阻断。","","E47,E38"
"B11","案例与资产","用户/管理端资产安全交付","领上传票据 → 直传 → 扫描净化 → ACCEPTED → 下载票据","部分打通","存储适配器已具备，MinIO 正常链可跑；同一上传 URL 可覆盖已验收文件，且无真实内容审核。","R01,R03","E03,E04"
"B12","AI 设计","需求采集与项目建档","填写需求/上传草图/引用案例 → 创建设计项目","代码链齐（有条件）","页面与建档服务已接；资料/图片成功落库不代表已经得到真实设计结果。","","E38,E31"
"B13","AI 设计","生成报价、确认与扣点建单","获取生成报价 → 确认 → 幂等创建平面任务 → 点数扣减","代码链齐（有条件）","主生成入口有报价与建单链，任务和账本事务配套；调整入口价格确认缺口见 B18。","","E27,E38,E39,E48"
"B14","AI 设计","真实平面生成","QUEUED → Runtime 领取 → Provider 生成 → 上传 → 结果回写","缺执行链","本仓库仅配置、内部协议及编排；外部 Runtime 未提供可运行实现或验收证据，不能认定已生成真实平面。","R02","E05,E06,E39"
"B15","AI 设计","平面候选选择","结果隔离校验 → 槽位结算 → 候选晋升 → 用户选平面","部分打通","接收已有合格结果后的内环齐备；前置真实生成缺失，轮询驱动存在提前结算风险。","R02,R18","E38,E39,E40,E07"
"B16","AI 设计","立面配置、生成和选择","选定平面 → 风格/张数 → 扣点 → 立面结果 → 选定","部分打通","客户端和领域状态流已接；真实立面生成同样缺 Runtime，不能以静态示例图判定打通。","R02,R17","E38,E05,E31"
"B17","AI 设计","结果冻结、历史和再次查看","选平面/立面 → 冻结版本 → 我的方案 → 查看指定版本","代码链齐（有条件）","版本、资产关联、历史只读与指定版本查看已有代码链；以前置存在有效候选为条件。","","E38,E26"
"B18","AI 设计","调整与重新生成","结果页调整 → 新立面任务 → 保留旧版本","部分打通","“调整”实际复用重新生成，未提供细粒度修改；未显示本次准确点数，修订请求未携带价格确认。","R02,R17","E26,E27"
"B19","AI 设计","取消、失败与退点","取消申请/失败 → 结算已完成槽位 → 退回未完成点数","部分打通","槽位结算内核有幂等与合同测试；QUEUED 无 Runtime 时未被超时扫描覆盖，正常自动收尾不足。","R02,R18","E40,E07"
"B20","AI 设计","挂起任务自动恢复","任务租约到期/进程恢复 → 重领/结算 → 消息/账本对齐","部分打通","租约、fencing、结果去重已建；生产驱动开关与运行时未验收，单轮耦合、排队超时及渐进结果需补。","R02,R18","E39,E07,E56"
"B21","预算与报价","设计参数转预算输入","选择结果版本 → 拉取预算参数 → 检查缺失项","代码链齐（有条件）","项目/结果版本关联及缺项提示已接；缺项不会直接当 0 完整报价。","","E38,E42"
"B22","预算与报价","地区和主体/外立面选项","选地区 → 拉取生效目录 → 选择主体与外立面组合","代码链齐（有条件）","地区目录、约束、前端选择状态与错误提示具备；需运营补齐正式地区和单价。","","E41,E42,E31"
"B23","预算与报价","后台预算基础配置","维护地区/物料/价格模板/套餐 → 校验 → 发布可选目录","代码链齐（有条件）","后台预算页面与目录命令已接，合同测试覆盖；正式价目版本、税费/口径需业务审核。","","E41,E30"
"B24","预算与报价","明细预算计算","项目参数+目录版本 → 数量/单价/系数 → 主体/外立面明细","代码链齐（有条件）","金额用整数分/BigDecimal、上限和版本快照已有约束；工程造价准确性需要专业样例校验。","","E42"
"B25","预算与报价","保存、历史和指定修订查看","试算 → 幂等保存 → 历史分页 → 回看不可变快照","代码链齐（有条件）","小程序结果/历史和后端保存、查询接口已接；旧版不能覆盖新冻结事实。","","E42,E43,E31"
"B26","预算与报价","管理员人工补项和修订","项目预算 → 修订草稿 → 调整缺项 → 校验/冻结","代码链齐（有条件）","管理端表单、白名单、跨项目/租户 actor 校验和修订接口具备；该页面过大影响维护。","","E43,E30"
"B27","预算与报价","对外报价发布与撤回","冻结预算修订 → 报价发布 → 用户查看 → 管理员撤回","代码链齐（有条件）","管理端发布/撤回与用户端报价列表/详情已接；须验收发布后快照、撤回后可见性。","","E44,E30"
"B28","预算与报价","旧区间预算兼容","旧入口/记录 → 旧计算模型 → 区间结果","代码链齐（有条件）","兼容服务和页面仍在；不能把旧区间预算当成新明细预算的工程量结果。","","E45,E31"
"B29","投稿与通知","投稿前校验与授权","选择冻结版本 → 公开展示授权 → publication-validations","部分打通","服务端校验和授权设计存在；页面封面/材料数量/校验总数仍含静态展示。","R17","E46,E47,E60"
"B30","投稿与通知","提交投稿和查询状态","校验通过 → 幂等 submissions → 我的投稿详情","代码链齐（有条件）","建单、状态读取与记录入口已接；不应承诺提交后立即进入公共户型库。","","E46,E19,E31"
"B31","投稿与通知","审核、退修和重提","管理员审核 → 通过/拒绝/退修 → 用户读原因 → 重提","代码链齐（有条件）","三端接口、审核页面和退修重提逻辑存在；通知消费者质量需单独修复。","R12","E46,E30"
"B32","投稿与通知","审核后独立发布","审核通过 → 运营发布 → 案例入库 → 公众可见","代码链齐（有条件）","审核与发布是两个动作，服务层已有分离；小程序文案应与之保持一致。","R17","E46,E17,E60"
"B33","投稿与通知","站内消息完整闭环","业务 Outbox → 投递 → 消息列表/未读 → 已读 → 业务跳转","部分打通","读取、已读归属和常见跳转有代码；重复事件不幂等、退款事件缺 userId，退款业务跳转也未覆盖。","R12","E11,E10,E56"
"B34","充值与积分","充值方案维护与展示","管理员方案管理 → 上下架 → 小程序套餐列表","代码链齐（有条件）","方案读写、价格和点数快照存在；正式套餐上线前应由业务确认。","","E08,E30"
"B35","充值与积分","充值下单与微信拉起支付","选择套餐 → 建充值单 → 真实预下单 → wx.requestPayment","部分打通","真实支付 Adapter 和客户端调用已接；首次预下单超时后同 key 重试无法恢复。真实资金未验收。","R04","E08,E33"
"B36","充值与积分","取消支付、返回订单和继续支付","中断支付 → 我的充值记录 → 原单恢复 → 重领有效支付参数","部分打通","订单查询/结果页有接线；现有记录入口偏查询，服务仅返回存量参数，不能刷新缺失或过期参数。","R04","E08,E31"
"B37","充值与积分","支付回调、查单与积分到账","验签/事实校验 → Inbox 去重 → 订单成功 → 点数到账 → 补偿","部分打通","正常通知和重复通知处理有测试；固定前 50 条旧单使补偿饥饿，不能保证丢回调后的最终到账。","R05","E09,E33,E48"
"B38","充值与积分","整单退款与积分冲正","管理员申请 → 预留点数 → 渠道退款/查单 → 冲正/释放 → 通知","部分打通","整单退款与冲正内核已实现；默认补偿未启用、真实渠道未验收，成功通知断。已消费后拒绝退款属于当前保守业务规则。","R12,R18","E10,E29,E33"
"B39","充值与积分","积分查询与双人调点","用户钱包/流水 → 管理员发起调点 → 另一管理员审批 → 账本","代码链齐（有条件）","账本查询、人工调点和禁止同人审批有服务端权限约束；不替代订单退款。","","E48,E49"
"B40","运营管理","工作台经营概览","管理员登录 → 用户/任务/订单等统计 → 跳转处理","代码链齐（有条件）","统计接口和工作台已接；看板可显示业务数据不代表后台驱动持续健康。","","E53,E30"
"B41","运营管理","C 端用户管理","后台用户列表 → 详情/授权状态 → 相关记录","代码链齐（有条件）","查询链具备；当前不是完整用户停用/注销执行台，缺失能力见 B47。","","E51,E30"
"B42","运营管理","AI 任务运营查看","后台任务列表/详情 → 状态与故障信息","部分打通","可观察任务，但不能用查询页代替真实 Runtime、可靠重试和完整人工恢复流程。","R02,R18","E52,E07"
"B43","运营管理","账本/审计异步导出","带筛选创建导出 → Worker → CSV → 票据领取 → 下载","部分打通","支持 POINT_LEDGER/AUDIT_EVENTS；生成时忽略筛选、全量内存处理、RUNNING 无重领及 CSV 公式风险。","R13","E21,E50"
"B44","运营管理","业务审计追踪","关键业务操作 → 审计落库 → 后台查询/导出","代码链齐（有条件）","业务审计能力存在；还需验证生产留存、访问授权和外部告警，导出问题单列。","R13,R18","E50,E57"
"B45","隐私与客服","阅读政策与版本化同意","用户阅读政策 → 明确同意 → 记录版本 → 受限业务准入","缺执行链","后端记录和 API 封装存在；没有完整页面调用链，hasAcceptedCurrentVersion 未接关键业务门禁。","R10","E18,E19"
"B46","隐私与客服","用户个人数据导出","用户提出请求 → 身份复核 → 汇总本人数据 → 安全交付","缺执行链","只能登记/查询 PENDING，无执行器和交付闭环；与运营 CSV 导出不是同一能力。","R10","E18,E55"
"B47","隐私与客服","账号关闭、停用与会话撤销","申请关闭 → 审核/执行 → 处理数据和授权 → 吊销全部会话","缺执行链","有请求登记和底层吊销函数，未找到关闭执行编排或后台受理流程。","R10","E18,E28,E51,E55"
"B48","隐私与客服","客服咨询与异常申诉","我的/服务 → 客服入口配置 → 可用联系渠道 → 处理反馈","缺执行链","服务端配置接口有；客户端仅弹出“联系授权管理员”，未消费配置或发起联系。","R11","E20,E54"
"B49","平台底座（抽查）","管理员登录和角色权限","管理端登录 → token → 角色菜单 → 服务端权限校验","部分打通","复用 yudao 安全底座；业务 @PreAuthorize 存在，但误用 local 可开启模拟身份，需有效生产配置验收。","R06","E12,E13,E30"
"B50","平台底座（抽查）","系统配置和文件服务管理","管理端系统/基础设施模块 → 配置存储/字典/文件","部分打通","底座仍保留，未逐一认证所有上游模块；隐藏菜单不消除后台接口，样例 SQL 和编辑器依赖需清理。","R15,R16","E30,E50"
"B51","平台底座（抽查）","定时处理、异常告警与人工接管","任务/支付/退款/导出 Worker → 重试/死信 → 告警 → 接管","部分打通","有调度和审计代码，但开关默认关闭、执行轮耦合、恢复边界不足；未获得生产告警到人的证据。","R05,R13,R18","E07,E21,E29,E56"
"B52","平台底座（抽查）","发布、迁移、备份和回滚","锁定制品 → 环境校验 → 迁移 → 健康检查 → 回滚/数据恢复","待外部验收","23 条迁移在隔离库通过，后端可打包；当前干净服务启动失败，无生产恢复演练、负载和正式制品验收证据。","R07,R08,R09,R18","E16,E23,E58"
