编号,优先级,问题,证据类型,影响,修复建议,验收条件,建议责任角色,状态
"R01","P0","真实内容审核缺实现，完整生产装配不成立","静态确认 + 装配策略测试","所有正式图片上传、AI 产物与公开案例发布的生产准入受阻。","补齐真实审核适配器、超时/拒绝/重试状态和审核证据，保持生产禁止 stub 的守卫。","以完整生产配置成功启动；合规样本、不允许内容、超时、供应商异常分别走预期状态；未经审核的资产不能公开或进入候选。","后端资产负责人 + 内容审核接入负责人","待修复或补齐证据"
"R02","P0","真实 AI Runtime 未交付，付费生成主流程未闭环","代码与配置声明确认；未获得外部运行时证据","核心产品“扣设计点后获得真实方案”无法据当前仓库保证。","交付独立 Runtime 的源码/制品、版本和部署说明；对齐 Provider 标识、输入/输出合同、鉴权、轮询或回调、重试与任务幂等。","用真实需求完整跑平面→选择→立面→选择→冻结结果；覆盖生成失败、部分成功、取消、超时、重启、迟到重复结果，核对实际成本和点数。","AI Runtime 负责人 + 后端编排负责人","待修复或补齐证据"
"R03","P0","原上传 URL 可覆盖已扫描通过的资产","本轮隔离 PostgreSQL + MinIO 动态复现","绕过资产内容、类型、SHA 校验及净化；ACCEPTED 状态可能对应未审核的实际字节。","将客户端可写的原始上传键与服务端独占的已审核键分开，或绑定不可变对象版本；下载和引用只指向该净化版本。配套写权限、过期、校验和、大小限制及孤儿对象清理。","旧上传 URL 重放、扫描同时覆盖、完成后覆盖都不能改变已审核下载内容；ACCEPTED 记录的摘要与可下载字节持续一致。","后端资产负责人","待修复或补齐证据"
"R04","P0","首次预下单失败后原充值单无法恢复","本轮故障注入动态复现","用户遇到网络/渠道超时可能留下无支付参数的 CREATED 订单，继续支付无法完成。","将“幂等建单”和“确保存在有效预支付参数”分离；持久化预下单尝试与恢复状态，按稳定 orderNo 安全重试。补齐原单继续支付入口和参数有效期处理。","首次超时、响应丢失、客户端重开、参数过期、并发重试均恢复同一订单；不创建重复应收、不重复扣款；真实微信客户端能够继续支付。","支付后端负责人 + 小程序负责人","待修复或补齐证据"
"R05","P0","支付补偿被前 50 条旧订单长期占满","本轮动态复现","丢失成功回调的较新订单可能长期已付款却不到账。","持久化渠道终态；实现公平游标/可重试时间、退避与单笔故障隔离；同时覆盖 CREATED 和已支付未履约等修复状态，并提供异常待办。","至少 50 条旧终态/毒丸订单在前时，后续成功订单仍在规定补偿时间内到账且只到账一次；重启和并发扫描结果相同。","支付后端负责人","待修复或补齐证据"
"R06","P1","local 配置包含模拟后台身份，生产守卫未覆盖有效安全配置","静态确认，风险取决于实际部署配置","若生产混入 local 且 mock 开关生效，可绕过正常凭据构造后台登录身份。","制作独立生产配置，启动守卫验证最终生效的 mock、种子、开发内容端点及敏感端点开关；仅暴露需要的健康指标并限制访问。","以发布用完整环境启动并保存脱敏配置证据；模拟 token 和开发端点请求失败；真实管理员权限回归通过。","平台后端负责人 + 运维","待修复或补齐证据"
"R07","P1","小程序仍为开发地址，正式发布配置和包体未验收","发布静态检查失败 + 源文件体积统计","当前制品不能作为正式小程序上线制品；地址、环境分支或包体会阻断真实使用。","提供构建时环境配置，正式域名和合法域名白名单，发布门禁同时验证 env 与资产路径；压缩大图、拆分必要分包，取得开发工具真实包分析和真机记录。","正式制品 check:release 通过；开发工具可上传；生产登录/上传/下载/支付各域名正常；冷启动与弱网符合约定性能目标。","小程序负责人 + 运维","待修复或补齐证据"
"R08","P1","干净环境种子数据与新发布规则冲突，HTTP 验收无法启动","本轮全新隔离环境实测失败","新同事初始化、CI E2E 或空库联调可能启动即失败，旧数据环境会掩盖回归。","按真实业务要求给种子建立完整授权和资产关系，或让种子保持合法草稿状态；确保空库/已有库都能幂等启动。","从零创建数据库和对象目录启动成功，再完成全部 54 项 HTTP 检查；二次启动不重复造数，不降低发布校验。","后端集成负责人","待修复或补齐证据"
"R09","P1","默认质量门禁漏测，当前扩展验证和样式检查非全绿","本轮测试/检查 + CI 脚本静态确认","“合同测试通过”可能掩盖真实适配器测试未运行、注册表漂移及发布配置未校验。","默认选入所有无需真实消费的单元/集成测试；单独受控运行真实验收。同步错误码合同、修复格式，统一 pnpm/JDK，发布流水线强制正式配置检查和干净启动。","规定的 pnpm 11.19.0、JDK17 环境冻结安装与标准 full 门禁全绿；无隐式跳过普通安全/适配器测试；发布分支规则可核验。","三端负责人 + CI 负责人","待修复或补齐证据"
"R10","P1","隐私同意、个人数据导出和账号关闭只有部分基础设施","静态全链追踪确认","用户权利和账号生命周期未形成可操作、可完成的业务流程。","提供政策展示和同意版本链、个人请求入口、运营受理/自动执行、身份复核、安全交付、数据保留与删除规则及全量会话吊销。","用户可申请并看到最终状态；导出仅包含本人数据；账号关闭后旧 access/refresh 及授权失效，保留/删除行为有可追踪记录。","产品负责人 + 身份后端 + 小程序","待修复或补齐证据"
"R11","P2","客服配置接口未被客户端实际使用","静态前后端追踪确认","充值、授权或生成异常时，用户没有已接通的产品内联系入口。","消费客服入口配置，提供已配置的真实联系渠道；未配置时明确处理，并提供业务单号用于定位。","从未授权、已授权及订单异常三个场景可进入有效客服渠道，运营能凭业务编号处理反馈。","小程序负责人 + 运营","待修复或补齐证据"
"R12","P1","消息重复投递不幂等，退款成功通知缺用户标识","本轮使用真实业务事件动态复现","用户可能收到重复到账通知，成功退款却收不到站内通知。","按源事件+接收人做数据库幂等约束；统一事件载荷合同补齐 userId，补消息文案、业务跳转和死信重放。","到账/退款/审核/任务等事件重复和乱序投递只产生预期消息；退款成功后用户可读并跳转到正确业务记录。","后端事件负责人 + 小程序","待修复或补齐证据"
"R13","P1","运营导出忽略筛选，崩溃恢复及 CSV 安全不足","静态数据流确认","导出范围与操作意图不一致，大数据量占用内存，任务可能挂起，表格打开存在公式解释风险。","按授权后的筛选快照查询，分页/流式导出；增加租约、重试、失败终态和清理；对文本单元格做防公式处理。","按用户/时间筛选的行集准确；中断后能恢复；大数据量内存受控；危险前导文本作为文本显示；下载归属/过期测试通过。","管理后端负责人","待修复或补齐证据"
"R14","P1","请求体限制晚于完整缓存，资源限额需要前置","静态路径确认，未进行破坏性压测","匿名大 JSON 可在控制器限额生效前占用堆内存；上传和高成本任务也需要独立资源治理。","在网关和最前置读取层实施有界请求体，按接口类型设置上传/回调限额；为用户、任务和存储配置并发与总量上限。","超限请求在完整读入前被拒，普通请求不受影响；受控负载验证内存、连接池、队列和费用上限。","平台后端 + 运维","待修复或补齐证据"
"R15","P1","底座 SQL 含疑似云凭据字面值","当前跟踪文件高置信格式扫描；未核验有效性","若为仍有效凭据，会造成云资源访问风险；无效样例也会污染初始化配置和密钥扫描。","确认来源和归属，清理样例配置为明确占位；如果仍有效，立即吊销/轮换并评估历史传播。将密钥扫描纳入提交与制品门禁。","当前源码、初始化 SQL、发布制品不携带实际凭据；有效密钥已完成轮换，历史风险有责任人和处理记录。","安全/运维 + 仓库维护者","待修复或补齐证据"
"R16","P1","管理端生产依赖命中 12 条安全公告","本轮 pnpm 生产依赖审计 + 官方公告适用条件核对","存在需要治理的已知依赖风险，但公告命中不等于已证明产品可被利用。","升级受影响且可升级的包并回归；替换或排除旧编辑器传递链，核对实际可达路径；建立 Maven/镜像/小程序组件的 SBOM 与持续审计。","修复公告命中或提供有期限的不可达性证据；版本变更后类型、构建、富文本和网络请求回归通过。","管理端负责人 + 安全/依赖维护者","待修复或补齐证据"
"R17","P2","部分页面展示仍为样稿，调整动作缺准确价格确认","静态页面与接口核对","用户可能误解当前生成阶段、投稿材料和实际调整能力；付费操作价格提示不完整。","进度、候选和投稿清单均绑定服务端事实；明确“重新生成”名称与能力范围，获取本次报价并确认后扣点，后台校验报价版本。","不同项目/风格/候选数展示真实；部分成功和失败不显示完成；用户确认准确点数后才建立新收费任务；审核通过与正式发布文案一致。","小程序负责人 + 产品负责人","待修复或补齐证据"
"R18","P1","生产调度与恢复边界未达到可靠运行要求","静态确认 + 部分隔离复现；生产运维未验收","关闭或异常的处理器会导致任务、消息、支付、退款和导出停在中间状态。","将职责和失败隔离，明确各状态超时与每槽终态合同；发布配置显式启用所需 Worker，增加队列年龄/卡单/死信告警及人工恢复手册。","无 Runtime、分批结果、毒丸事件、重启、多实例、渠道短故障均最终收敛；定时器健康和业务积压能告警到责任人，恢复时不重复扣点/到账/退款。","后端编排/支付/运维共同负责","待修复或补齐证据"
