"执行序号","分组","风险","级别","原风险标题","交付状态","开发分支","人工清单"
"1","RG1","R03","P0","原上传 URL 可覆盖已扫描通过的资产","代码整改与本地回归完成；生产/人工验收见交接清单","task/RG1-risk-remediation","RG3-人工配合清单.md"
"2","RG1","R04","P0","首次预下单失败后原充值单无法恢复","代码整改与本地回归完成；生产/人工验收见交接清单","task/RG1-risk-remediation","RG3-人工配合清单.md"
"3","RG1","R05","P0","支付补偿被前 50 条旧订单长期占满","代码整改与本地回归完成；生产/人工验收见交接清单","task/RG1-risk-remediation","RG3-人工配合清单.md"
"4","RG1","R06","P1","local 配置包含模拟后台身份，生产守卫未覆盖有效安全配置","代码整改与本地回归完成；生产/人工验收见交接清单","task/RG1-risk-remediation","RG3-人工配合清单.md"
"5","RG1","R08","P1","干净环境种子数据与新发布规则冲突，HTTP 验收无法启动","新库初始化及同库再次启动已验证","task/RG1-risk-remediation","RG3-人工配合清单.md"
"6","RG1","R09","P1","默认质量门禁漏测，当前扩展验证和样式检查非全绿","本地门禁已通过；远程 CI 与分支保护待配置","task/RG1-risk-remediation","RG3-人工配合清单.md"
"7","RG2","R07","P1","小程序仍为开发地址，正式发布配置和包体未验收","代码整改与本地回归完成；生产/人工验收见交接清单","task/RG2-risk-remediation","RG3-人工配合清单.md"
"8","RG2","R10","P1","隐私同意、个人数据导出和账号关闭只有部分基础设施","代码整改与本地回归完成；生产/人工验收见交接清单","task/RG2-risk-remediation","RG3-人工配合清单.md"
"9","RG2","R11","P2","客服配置接口未被客户端实际使用","代码整改与本地回归完成；生产/人工验收见交接清单","task/RG2-risk-remediation","RG3-人工配合清单.md"
"10","RG2","R12","P1","消息重复投递不幂等，退款成功通知缺用户标识","代码整改与本地回归完成；生产/人工验收见交接清单","task/RG2-risk-remediation","RG3-人工配合清单.md"
"11","RG2","R13","P1","运营导出忽略筛选，崩溃恢复及 CSV 安全不足","代码整改与本地回归完成；生产/人工验收见交接清单","task/RG2-risk-remediation","RG3-人工配合清单.md"
"12","RG2","R14","P1","请求体限制晚于完整缓存，资源限额需要前置","代码整改与本地回归完成；生产/人工验收见交接清单","task/RG2-risk-remediation","RG3-人工配合清单.md"
"13","RG3","R15","P1","底座 SQL 含疑似云凭据字面值","代码整改与本地回归完成；生产/人工验收见交接清单","task/RG3-risk-remediation","RG3-人工配合清单.md"
"14","RG3","R16","P1","管理端生产依赖命中 12 条安全公告","高危公告已清理；1条中危已禁用危险路径并保留跟踪","task/RG3-risk-remediation","RG3-人工配合清单.md"
"15","RG3","R17","P2","部分页面展示仍为样稿，调整动作缺准确价格确认","代码整改与本地回归完成；生产/人工验收见交接清单","task/RG3-risk-remediation","RG3-人工配合清单.md"
"16","RG3","R18","P1","生产调度与恢复边界未达到可靠运行要求","代码整改与本地回归完成；生产/人工验收见交接清单","task/RG3-risk-remediation","RG3-人工配合清单.md"
"17","RG3","R01","P0","真实内容审核缺实现，完整生产装配不成立","图片审核适配及异常恢复已实现；真实样本/PDF首发范围待确认","task/RG3-risk-remediation","RG3-人工配合清单.md"
"18","RG3","R02","P0","真实 AI Runtime 未交付，付费生成主流程未闭环","独立 Runtime 已交付；实际图片模型/渠道合同/费用待验收","task/RG3-risk-remediation","RG3-人工配合清单.md"
